URL,
https://blogs.sap.com/2023/07/02/chatgpt-in-sap-community-for-2023-so-far/
https://blogs.sap.com/2023/10/02/state-of-genai-in-the-sap-community-09-2023/
https://blogs.sap.com/2022/12/07/are-we-ready-to-use-ai-for-abap-programming/
https://blogs.sap.com/2022/12/08/having-fun-with-sap-cap-and-chatgpt/
https://blogs.sap.com/2022/12/13/how-i-use-ai-models-from-openai-in-my-sap-ci-is-development/
https://blogs.sap.com/2022/12/27/chatgpt-sap-hana-and-jupyter-notebooks-a-match-made-in-heaven/
https://blogs.sap.com/2023/01/10/harnessing-the-power-of-chatgpt-and-sap-hana-cloud-for-next-level-data-analytics/
https://blogs.sap.com/2023/01/27/chatp-gpt-help-me-refactor-my-class/
https://blogs.sap.com/2023/02/02/leveraging-generative-ai-in-design-thinking-with-chatgpt/
https://blogs.sap.com/2023/02/02/using-openai-models-in-sap-build-apps/
https://blogs.sap.com/2023/02/03/chatgpt-sap-service-cloud-use-cases/
https://blogs.sap.com/2023/02/15/chatgpt-for-sap-developments-threat-or-an-opportunity/
https://blogs.sap.com/2023/02/15/how-chatgpt-answer-made-me-lose-my-time/
https://blogs.sap.com/2023/02/21/first-glance-at-chatgpt-and-its-potential-for-abapers/
https://blogs.sap.com/2023/02/22/a-chatgpt-like-chat-app-built-with-modern-sap-technologies-cap-sapui5-part-1-2/
https://blogs.sap.com/2023/02/23/never-again-create-a-mapping-manually/
https://blogs.sap.com/2023/02/24/a-chatgpt-like-chat-app-built-with-modern-sap-technologies-cap-sapui5-part-2-3/
https://blogs.sap.com/2023/02/24/integration-of-sap-cpibtp-is-with-chatgpt/
https://blogs.sap.com/2023/02/27/a-chatgpt-like-chat-app-built-with-modern-sap-technologies-cap-sapui5-part-3-3/
https://blogs.sap.com/2023/03/07/chatgpt-integration-with-sap-s-4hana/
https://blogs.sap.com/2023/03/08/integrating-chatgpt-3-in-sap-analytics-cloud-using-custom-widget/
https://blogs.sap.com/2023/03/09/chatgpt-custom-widget-enhance-your-sap-analytics-cloud-experience-with-the-chatgpt-custom-widget/
https://blogs.sap.com/2023/03/10/empowering-your-data-analytics-with-gpt-3-and-sap-cap-integration/
https://blogs.sap.com/2023/03/15/automated-mapping-programs-generative-tdd-with-chatgpt/
https://blogs.sap.com/2023/03/31/integrating-openai-chat-completion-into-an-existing-sap-build-app/
https://blogs.sap.com/2023/03/31/openai-models-in-sap-commerce-cloud/
https://blogs.sap.com/2023/04/03/can-we-use-chatgpt-to-enhance-supplier-data-collection-for-esg/
https://blogs.sap.com/2023/04/11/connecting-the-dots-using-sap-business-technology-platform-to-make-gpt-a-better-product/
https://blogs.sap.com/2023/04/11/connecting-the-dots-using-sap-data-intelligence-to-generate-embeddings-with-enterprise-data-in-openai/
https://blogs.sap.com/2023/04/11/enhancing-customer-experience-chatgpt-and-sap-fsm-integration/
https://blogs.sap.com/2023/04/18/leveraging-chatgpt-to-create-custom-widgets-for-sap-analytics-cloud/
https://blogs.sap.com/2023/04/19/hello-world-your-crafted-chat-gpt-bot/
https://blogs.sap.com/2023/04/25/chatgpt-integration-with-sap-a-question-answer-model/
https://blogs.sap.com/2023/05/04/dont-blindly-believe-chatgpt-answers/
https://blogs.sap.com/2023/05/15/chatgpt-a-hackers-dream/
https://blogs.sap.com/2023/05/15/step-by-step-guide-to-integrate-chatgpt-with-cpi-or-cloud-integration./
https://blogs.sap.com/2023/05/19/material-planning-strategies-part-2-pirs-...and-ai/
https://blogs.sap.com/2023/05/22/transforming-customer-communication-with-chatgpt-integration-for-sap-s-4hana/
https://blogs.sap.com/2023/05/24/a-cool-use-of-open-ai-in-sap-gui-editor/
https://blogs.sap.com/2023/05/30/chatgpt-using-sap-cpi/
https://blogs.sap.com/2023/05/31/data-wizardry-unleashing-live-insights-with-openai-langchain-sap-hana/
https://blogs.sap.com/2023/06/01/into-the-sql-weeds-fine-tuning-an-llm-with-enterprise-data/
https://blogs.sap.com/2023/06/01/under-the-hood-text-to-sql-with-langchain-llms-and-hana/
https://blogs.sap.com/2023/06/02/sap-integration-suite-implementation-of-s-4hana-and-chatgpt-integration/
https://blogs.sap.com/2023/07/16/chatgpt-latest-ai-model-in-sap-build-apps/
https://blogs.sap.com/2023/06/19/large-process-models-process-management-in-the-age-of-generative-ai/
https://blogs.sap.com/2023/06/20/exploring-the-potential-of-gpt-in-sap-ecosystem/
https://blogs.sap.com/2023/06/20/gpt-as-code-assistant-for-sap-cap-and-rap-application-development/
https://blogs.sap.com/2023/06/20/integrating-gpt-chat-api-with-sap-cap/
https://blogs.sap.com/2023/06/20/integrating-gpt-embedding-api-with-sap-cap-for-message-classification/
https://blogs.sap.com/2023/06/20/prompt-engineering-for-advanced-text-processing-on-customer-messages/
https://blogs.sap.com/2023/06/21/sap-build-process-integration-with-chat-gpt/
https://blogs.sap.com/2023/06/23/leverage-github-copilot-for-sap-fiori-code-generation/
https://blogs.sap.com/2023/06/25/building-genai-powered-data-driven-applications-on-sap-hana-cloud-sap-datasphere-e2e-scenario/
https://blogs.sap.com/2023/07/25/llama2-testing-a-tiny-llm-with-hugging-face-sap-btp/
https://blogs.sap.com/2023/07/02/chatgpt-in-sap-community-for-2023-so-far/
https://blogs.sap.com/2023/07/05/the-power-of-chatgpt-how-to-improve-decision-making-with-artificial-intelligence/
https://blogs.sap.com/2023/07/13/over-100000-chatgpt-account-credentials-stolen/
https://blogs.sap.com/2023/07/17/creating-a-meal-generator-application-with-sap-build-cap-and-openai/
https://blogs.sap.com/2023/07/23/how-can-chatgpt-help-in-the-spm-world-and-comp-admins/
https://blogs.sap.com/2023/07/23/simplify-your-llm-chatbot-demos-with-sap-btp-and-gradio/
https://blogs.sap.com/2023/07/24/how-chatgpt-works-blog-1-of-series-chatgpt-and-sap/
https://blogs.sap.com/2023/07/28/running-language-models-deploy-llama2-7b-on-ai-core/
https://blogs.sap.com/2023/08/01/how-sap-customers-are-using-chatgpt-blog-2-of-series-chatgpt-and-sap/
https://blogs.sap.com/2023/08/01/top-10-chatgpt-prompts-boosting-creativity-in-marketing-and-beyond/
https://blogs.sap.com/2023/02/08/deploying-large-ml-models-to-the-sap-btp-cloud-foundry-environment/
https://blogs.sap.com/2023/08/03/the-art-of-creation-unveiling-generative-ai-and-its-transformative-use-cases/
https://blogs.sap.com/2023/08/07/chatgpt-integration-to-solve-queries/
https://blogs.sap.com/2023/08/09/harmonizing-horizons-gen-ais-rise-and-the-reshaping-of-sap-s-4hana-public-cloud-and-beyond/
https://blogs.sap.com/2023/08/10/automate-your-job-postings-using-generative-ai-sap-build-apps/
https://blogs.sap.com/2023/08/13/chatgpt-for-business-process-optimization-data-cleansing-blog-3-of-series-chatgpt-and-sap/
https://blogs.sap.com/2023/08/13/generative-ai-for-sap-using-aws.-private-domains-and-foundation-models/
https://blogs.sap.com/2023/08/15/sap-s-4hana-cloud-abap-environment-integration-journey-with-microsoft-part-2/
https://blogs.sap.com/2023/08/19/from-rookie-to-result-integrating-s-4hana-cloud-public-edition-with-chatgpt-using-sap-btp-cpi/
https://blogs.sap.com/2023/08/20/generative-ai-for-sap-using-aws-part-ii.-model-customizing-with-rag/
https://blogs.sap.com/2023/08/23/infusing-genai-in-btp-cockpit/
https://blogs.sap.com/2023/08/25/enhancing-competencies-via-integration-of-document-extraction-and-conversational-ai-in-service-cloud-version-2/
https://blogs.sap.com/2023/08/31/connect-the-created-openai-api-with-the-sapui5-application/
https://blogs.sap.com/2023/08/31/hello-world-openai-crafting-accurate-chatgpt-like-custom-search-for-sapui5-applications/
https://blogs.sap.com/2023/09/02/analyze-unstructured-sap-data-using-generative-ai.../
https://blogs.sap.com/2023/09/03/generative-ai-for-sap-part-iii.-llms-with-database-queries-using-natural-language-nlq/
https://blogs.sap.com/2023/09/04/data-discovery-using-chatgpt-in-sap-analytics-cloud/
https://blogs.sap.com/2023/09/05/use-the-first-free-chatgpt-plugin-to-learn-sap/
https://blogs.sap.com/2023/09/08/generative-ais-sat-nav-problem/
